-- phpMyAdmin SQL Dump
-- version 5.1.0
-- https://www.phpmyadmin.net/
--
-- Host: 127.0.0.1
-- Generation Time: Sep 26, 2021 at 11:30 AM
-- Server version: 10.4.18-MariaDB
-- PHP Version: 8.0.3

SET SQL_MODE = "NO_AUTO_VALUE_ON_ZERO";
START TRANSACTION;
SET time_zone = "+00:00";


/*!40101 SET @OLD_CHARACTER_SET_CLIENT=@@CHARACTER_SET_CLIENT */;
/*!40101 SET @OLD_CHARACTER_SET_RESULTS=@@CHARACTER_SET_RESULTS */;
/*!40101 SET @OLD_COLLATION_CONNECTION=@@COLLATION_CONNECTION */;
/*!40101 SET NAMES utf8mb4 */;

--
-- Database: `new-rator`
--

-- --------------------------------------------------------

--
-- Table structure for table `author`
--

CREATE TABLE `author` (
  `id` int(255) NOT NULL,
  `name` text NOT NULL,
  `mail` text NOT NULL,
  `password` text NOT NULL
) ENGINE=InnoDB DEFAULT CHARSET=utf8;

-- --------------------------------------------------------

--
-- Table structure for table `category`
--

CREATE TABLE `category` (
  `id` int(11) NOT NULL,
  `name` text NOT NULL,
  `seo_title` text NOT NULL
) ENGINE=InnoDB DEFAULT CHARSET=utf8;

--
-- Dumping data for table `category`
--

INSERT INTO `category` (`id`, `name`, `seo_title`) VALUES
(1, 'General', 'general'),
(2, 'Nigeria', 'nigeria'),
(3, 'Tech', 'tech'),
(4, 'Politics', 'politics');

-- --------------------------------------------------------

--
-- Table structure for table `has_category`
--

CREATE TABLE `has_category` (
  `post` int(255) NOT NULL,
  `category` int(255) NOT NULL
) ENGINE=InnoDB DEFAULT CHARSET=utf8;

--
-- Dumping data for table `has_category`
--

INSERT INTO `has_category` (`post`, `category`) VALUES
(1, 2),
(1, 3),
(1, 1),
(2, 2),
(2, 4);

-- --------------------------------------------------------

--
-- Table structure for table `posts`
--

CREATE TABLE `posts` (
  `id` int(255) NOT NULL,
  `image` varchar(300) NOT NULL,
  `title` text NOT NULL,
  `body` text NOT NULL,
  `author` varchar(255) NOT NULL,
  `is_published` tinyint(1) NOT NULL DEFAULT 1,
  `created_at` datetime NOT NULL DEFAULT current_timestamp()
) ENGINE=InnoDB DEFAULT CHARSET=utf8;

--
-- Dumping data for table `posts`
--

INSERT INTO `posts` (`id`, `image`, `title`, `body`, `author`, `is_published`, `created_at`) VALUES
(1, './assets/img/img1.jpg', 'This is Heading 1', 'Lorem ipsum dolor sit amet consectetur adipisicing elit. Quae consequatur perspiciatis rem architecto voluptatibus aliquam non officia voluptatum nemo saepe atque dolorum sunt libero corporis reiciendis deserunt sint deleniti repellendus, reprehenderit facilis unde inventore laborum exercitationem. Provident temporibus dignissimos atque mollitia deserunt, doloribus dicta dolorum quod unde animi porro vero magnam aut assumenda non numquam perferendis ipsum harum laborum in molestias quis, rem, veniam neque. Ducimus culpa minus iusto veniam corporis beatae quod veritatis excepturi eos ullam repudiandae qui asperiores animi, rerum amet sequi modi facilis quasi placeat perspiciatis, aliquid, saepe sunt dolorum? Ipsa tempora impedit aut? Iste, eaque? Animi, facere possimus. Dolorem tempore dolores, ullam quod maiores magni qui esse a dolore similique quo molestias atque! Sapiente corrupti ut eos distinctio quisquam maxime omnis, quis numquam quam reiciendis voluptatem totam rerum inventore? Non ut est similique ex fugit expedita laudantium minus ratione tenetur possimus optio eum in, libero ipsa sed cupiditate distinctio recusandae iure iste quo omnis? Saepe deserunt in voluptates, ad facere vero minima sunt velit modi omnis quaerat voluptas cumque eius sed repellendus nobis atque obcaecati nulla deleniti pariatur maiores error ratione! Ratione eligendi repellat facilis! Magnam autem odio perferendis, molestiae beatae earum. Illum neque veritatis reiciendis magni, officiis inventore libero optio cumque repellendus dicta et itaque explicabo. Ratione id magnam deserunt, amet obcaecati harum dolores ullam itaque, sint sed labore qui aliquam, eos voluptates dicta illum consequuntur mollitia voluptate necessitatibus? Voluptates vero quaerat ea ab, laborum officia rerum tempore blanditiis. Quos, doloribus dolore? Omnis id vitae doloribus neque dolores numquam quae unde, ducimus nihil voluptates veritatis deleniti nulla aut totam sapiente hic tempora facere exercitationem sunt. Praesentium ex obcaecati culpa error unde natus dicta! Porro doloribus praesentium nesciunt, officiis debitis facilis consequatur aliquam illo corporis maxime repudiandae sit totam illum libero sunt qui distinctio eius voluptates, odit quibusdam aperiam enim doloremque cumque autem! Ex, voluptatem tempore inventore ullam animi accusantium perspiciatis debitis vitae, a accusamus beatae dolores facilis nemo sed dolorum rerum, impedit aperiam exercitationem architecto. Consequuntur molestiae repudiandae nulla minima modi veritatis harum nisi eaque, doloremque aut reiciendis! Asperiores eius nemo ab voluptatum pariatur officia illum, voluptatem perferendis saepe consectetur neque similique assumenda natus tenetur illo quidem! Perspiciatis suscipit illo laboriosam dolores. Delectus ab quae consequuntur at .', 'Ib', 0, '2021-09-23 06:30:24'),
(2, './assets/img/img2.jpg', 'This is Heading 2', 'Lorem ipsum dolor sit amet consectetur adipisicing elit. Quae consequatur perspiciatis rem architecto voluptatibus aliquam non officia voluptatum nemo saepe atque dolorum sunt libero corporis reiciendis deserunt sint deleniti repellendus, reprehenderit facilis unde inventore laborum exercitationem. Provident temporibus dignissimos atque mollitia deserunt, doloribus dicta dolorum quod unde animi porro vero magnam aut assumenda non numquam perferendis ipsum harum laborum in molestias quis, rem, veniam neque. Ducimus culpa minus iusto veniam corporis beatae quod veritatis excepturi eos ullam repudiandae qui asperiores animi, rerum amet sequi modi facilis quasi placeat perspiciatis, aliquid, saepe sunt dolorum? Ipsa tempora impedit aut? Iste, eaque? Animi, facere possimus. Dolorem tempore dolores, ullam quod maiores magni qui esse a dolore similique quo molestias atque! Sapiente corrupti ut eos distinctio quisquam maxime omnis, quis numquam quam reiciendis voluptatem totam rerum inventore? Non ut est similique ex fugit expedita laudantium minus ratione tenetur possimus optio eum in, libero ipsa sed cupiditate distinctio recusandae iure iste quo omnis? Saepe deserunt in voluptates, ad facere vero minima sunt velit modi omnis quaerat voluptas cumque eius sed repellendus nobis atque obcaecati nulla deleniti pariatur maiores error ratione! Ratione eligendi repellat facilis! Magnam autem odio perferendis, molestiae beatae earum. Illum neque veritatis reiciendis magni, officiis inventore libero optio cumque repellendus dicta et itaque explicabo. Ratione id magnam deserunt, amet obcaecati harum dolores ullam itaque, sint sed labore qui aliquam, eos voluptates dicta illum consequuntur mollitia voluptate necessitatibus? Voluptates vero quaerat ea ab, laborum officia rerum tempore blanditiis. Quos, doloribus dolore? Omnis id vitae doloribus neque dolores numquam quae unde, ducimus nihil voluptates veritatis deleniti nulla aut totam sapiente hic tempora facere exercitationem sunt. Praesentium ex obcaecati culpa error unde natus dicta! Porro doloribus praesentium nesciunt, officiis debitis facilis consequatur aliquam illo corporis maxime repudiandae sit totam illum libero sunt qui distinctio eius voluptates, odit quibusdam aperiam enim doloremque cumque autem! Ex, voluptatem tempore inventore ullam animi accusantium perspiciatis debitis vitae, a accusamus beatae dolores facilis nemo sed dolorum rerum, impedit aperiam exercitationem architecto. Consequuntur molestiae repudiandae nulla minima modi veritatis harum nisi eaque, doloremque aut reiciendis! Asperiores eius nemo ab voluptatum pariatur officia illum, voluptatem perferendis saepe consectetur neque similique assumenda natus tenetur illo quidem! Perspiciatis suscipit illo laboriosam dolores. Delectus ab quae consequuntur at.', 'Adeyemi', 1, '2021-09-23 06:30:24'),
(3, './assets/img/img3.jpg', 'This is Heading 3', 'Lorem ipsum dolor sit amet consectetur adipisicing elit. Quae consequatur perspiciatis rem architecto voluptatibus aliquam non officia voluptatum nemo saepe atque dolorum sunt libero corporis reiciendis deserunt sint deleniti repellendus, reprehenderit facilis unde inventore laborum exercitationem. Provident temporibus dignissimos atque mollitia deserunt, doloribus dicta dolorum quod unde animi porro vero magnam aut assumenda non numquam perferendis ipsum harum laborum in molestias quis, rem, veniam neque. Ducimus culpa minus iusto veniam corporis beatae quod veritatis excepturi eos ullam repudiandae qui asperiores animi, rerum amet sequi modi facilis quasi placeat perspiciatis, aliquid, saepe sunt dolorum? Ipsa tempora impedit aut? Iste, eaque? Animi, facere possimus. Dolorem tempore dolores, ullam quod maiores magni qui esse a dolore similique quo molestias atque! Sapiente corrupti ut eos distinctio quisquam maxime omnis, quis numquam quam reiciendis voluptatem totam rerum inventore? Non ut est similique ex fugit expedita laudantium minus ratione tenetur possimus optio eum in, libero ipsa sed cupiditate distinctio recusandae iure iste quo omnis? Saepe deserunt in voluptates, ad facere vero minima sunt velit modi omnis quaerat voluptas cumque eius sed repellendus nobis atque obcaecati nulla deleniti pariatur maiores error ratione! Ratione eligendi repellat facilis! Magnam autem odio perferendis, molestiae beatae earum. Illum neque veritatis reiciendis magni, officiis inventore libero optio cumque repellendus dicta et itaque explicabo. Ratione id magnam deserunt, amet obcaecati harum dolores ullam itaque, sint sed labore qui aliquam, eos voluptates dicta illum consequuntur mollitia voluptate necessitatibus? Voluptates vero quaerat ea ab, laborum officia rerum tempore blanditiis. Quos, doloribus dolore? Omnis id vitae doloribus neque dolores numquam quae unde, ducimus nihil voluptates veritatis deleniti nulla aut totam sapiente hic tempora facere exercitationem sunt. Praesentium ex obcaecati culpa error unde natus dicta! Porro doloribus praesentium nesciunt, officiis debitis facilis consequatur aliquam illo corporis maxime repudiandae sit totam illum libero sunt qui distinctio eius voluptates, odit quibusdam aperiam enim doloremque cumque autem! Ex, voluptatem tempore inventore ullam animi accusantium perspiciatis debitis vitae, a accusamus beatae dolores facilis nemo sed dolorum rerum, impedit aperiam exercitationem architecto. Consequuntur molestiae repudiandae nulla minima modi veritatis harum nisi eaque, doloremque aut reiciendis! Asperiores eius nemo ab voluptatum pariatur officia illum, voluptatem perferendis saepe consectetur neque similique assumenda natus tenetur illo quidem! Perspiciatis suscipit illo laboriosam dolores. Delectus ab quae consequuntur at .', 'Ib', 1, '2021-09-23 06:30:24'),
(4, './assets/img/img4.jpg', 'This is Heading 5', 'Lorem ipsum dolor sit amet consectetur adipisicing elit. Quae consequatur perspiciatis rem architecto voluptatibus aliquam non officia voluptatum nemo saepe atque dolorum sunt libero corporis reiciendis deserunt sint deleniti repellendus, reprehenderit facilis unde inventore laborum exercitationem. Provident temporibus dignissimos atque mollitia deserunt, doloribus dicta dolorum quod unde animi porro vero magnam aut assumenda non numquam perferendis ipsum harum laborum in molestias quis, rem, veniam neque. Ducimus culpa minus iusto veniam corporis beatae quod veritatis excepturi eos ullam repudiandae qui asperiores animi, rerum amet sequi modi facilis quasi placeat perspiciatis, aliquid, saepe sunt dolorum? Ipsa tempora impedit aut? Iste, eaque? Animi, facere possimus. Dolorem tempore dolores, ullam quod maiores magni qui esse a dolore similique quo molestias atque! Sapiente corrupti ut eos distinctio quisquam maxime omnis, quis numquam quam reiciendis voluptatem totam rerum inventore? Non ut est similique ex fugit expedita laudantium minus ratione tenetur possimus optio eum in, libero ipsa sed cupiditate distinctio recusandae iure iste quo omnis? Saepe deserunt in voluptates, ad facere vero minima sunt velit modi omnis quaerat voluptas cumque eius sed repellendus nobis atque obcaecati nulla deleniti pariatur maiores error ratione! Ratione eligendi repellat facilis! Magnam autem odio perferendis, molestiae beatae earum. Illum neque veritatis reiciendis magni, officiis inventore libero optio cumque repellendus dicta et itaque explicabo. Ratione id magnam deserunt, amet obcaecati harum dolores ullam itaque, sint sed labore qui aliquam, eos voluptates dicta illum consequuntur mollitia voluptate necessitatibus? Voluptates vero quaerat ea ab, laborum officia rerum tempore blanditiis. Quos, doloribus dolore? Omnis id vitae doloribus neque dolores numquam quae unde, ducimus nihil voluptates veritatis deleniti nulla aut totam sapiente hic tempora facere exercitationem sunt. Praesentium ex obcaecati culpa error unde natus dicta! Porro doloribus praesentium nesciunt, officiis debitis facilis consequatur aliquam illo corporis maxime repudiandae sit totam illum libero sunt qui distinctio eius voluptates, odit quibusdam aperiam enim doloremque cumque autem! Ex, voluptatem tempore inventore ullam animi accusantium perspiciatis debitis vitae, a accusamus beatae dolores facilis nemo sed dolorum rerum, impedit aperiam exercitationem architecto. Consequuntur molestiae repudiandae nulla minima modi veritatis harum nisi eaque, doloremque aut reiciendis! Asperiores eius nemo ab voluptatum pariatur officia illum, voluptatem perferendis saepe consectetur neque similique assumenda natus tenetur illo quidem! Perspiciatis suscipit illo laboriosam dolores. Delectus ab quae consequuntur at.', 'Adeyemi', 1, '2021-09-23 06:30:24'),
(5, '', 'Voluptatibus aut sapiente id minus voluptatem cum natus officiis labore ratione', 'Animi, facere possimus. Dolorem tempore dolores, ullam quod maiores magni qui esse a dolore similique quo molestias atque! Sapiente corrupti ut eos distinctio quisquam maxime omnis, quis numquam quam reiciendis voluptatem totam rerum inventore? Non ut est similique ex fugit expedita laudantium minus ratione tenetur possimus optio eum in, libero ipsa sed cupiditate distinctio recusandae iure iste quo omnis? Saepe deserunt in voluptates, ad facere vero minima sunt velit modi omnis quaerat voluptas cumque eius sed repellendus nobis atque obcaecati nulla deleniti pariatur maiores error ratione! Ratione eligendi repellat facilis! Magnam autem odio perferendis, molestiae beatae earum. Illum neque veritatis reiciendis magni, officiis inventore libero optio cumque repellendus dicta et itaque explicabo. Ratione id magnam deserunt, amet obcaecati harum dolores ullam itaque, sint sed labore qui aliquam, eos voluptates dicta illum consequuntur mollitia voluptate necessitatibus? Voluptates vero quaerat ea ab, laborum officia rerum tempore blanditiis. Quos, doloribus dolore? Omnis id vitae doloribus neque dolores numquam quae unde, ducimus nihil voluptates veritatis deleniti nulla aut totam sapiente hic tempora facere exercitationem sunt. Praesentium ex obcaecati culpa error unde natus dicta! Porro doloribus praesentium nesciunt, officiis debitis facilis consequatur aliquam illo corporis maxime repudiandae sit totam illum libero sunt qui distinctio eius voluptates, odit quibusdam aperiam enim doloremque cumque autem! Ex, voluptatem tempore inventore ullam animi accusantium perspiciatis debitis vitae, a accusamus beatae dolores facilis nemo sed dolorum rerum, impedit aperiam exercitationem architecto. Consequuntur molestiae repudiandae nulla minima modi veritatis harum nisi eaque, doloremque aut reiciendis! Asperiores eius nemo ab voluptatum pariatur officia illum, voluptatem perferendis saepe consectetur neque similique assumenda natus tenetur illo quidem! Perspiciatis suscipit illo laboriosam dolores. Delectus ab quae consequuntur at dignissimos nostrum ut, veritatis quibusdam voluptatum quidem corrupti neque necessitatibus, eum, velit natus obcaecati ratione recusandae! Dicta similique deleniti dolores soluta eos expedita quae excepturi saepe id aperiam, sed quo unde ipsam repellendus labore culpa obcaecati dolore velit nemo. Laboriosam odio beatae, aliquam vero alias qui est repellendus cumque veniam laudantium nemo praesentium, consequatur nam voluptate corrupti voluptatum possimus corporis eaque. Laboriosam hic magnam, suscipit expedita harum voluptas eos temporibus et tenetur quidem animi quos eius deleniti, perspiciatis doloribus voluptates autem soluta, minus reprehenderit. Voluptatibus aut sapiente id minus voluptatem cum natus officiis labore ratione. Vel natus sapiente voluptas, nostrum, iusto distinctio praesentium quos soluta eum quasi explicabo quod mollitia velit numquam ad asperiores exercitationem corporis labore magni nobis. Aliquid, tempora ad. Nisi nulla harum sit dolorum molestiae?', 'Ib', 0, '2021-09-23 23:59:40'),
(6, './assets/img/img1.jpg', 'Why do man lie at the point of death?', ' Ipsam eum at neque modi aliquam alias. Dolores eaque, inventore a ducimus, fuga dolorum autem nam impedit, consequuntur illum eligendi voluptatem velit consequatur optio reprehenderit id officiis totam! Impedit voluptas repudiandae non beatae at debitis voluptate cumque quam, dicta suscipit itaque consequatur perferendis animi deserunt vel sequi modi ad eaque ipsum libero corporis! Iste pariatur quos earum aliquid odit praesentium voluptas corrupti esse amet voluptatum, ducimus dolore nihil architecto est ut repudiandae cupiditate eligendi cum repellendus nobis porro libero alias. Reprehenderit voluptatibus corporis numquam in doloremque, ullam doloribus et? Error quidem quae doloremque distinctio a placeat tenetur officiis soluta veniam architecto asperiores fugit repellendus illum aspernatur eveniet eius perferendis quos magnam dignissimos facilis necessitatibus, impedit obcaecati! Minus ullam fugit necessitatibus quasi consectetur, assumenda vel natus, eveniet voluptas quo dolores exercitationem eius voluptate illo pariatur, mollitia aperiam deserunt ad officia ut! Sed ipsa sunt perferendis consequatur? Adipisci, quidem a. Itaque doloremque eveniet magni distinctio asperiores, perferendis repudiandae ad eligendi saepe soluta! Consequatur tempore exercitationem officia tenetur asperiores corporis minima, perferendis repellat dolores cum facere, dicta suscipit. Eum, ipsa soluta beatae aspernatur quibusdam doloribus temporibus corporis sequi laudantium, odit velit iusto vel delectus dolorum? Enim nam natus cumque unde voluptatem rem ullam, et, vero, nesciunt dolor saepe dolorem necessitatibus praesentium fugit itaque! Reiciendis quae saepe autem neque ratione voluptas quis architecto omnis sit eligendi aliquam blanditiis suscipit vero veniam facilis doloremque placeat optio, repudiandae error impedit. Qui, a porro ex nostrum blanditiis quas iure sit illum mollitia! Itaque ratione quod libero fuga? Sapiente rerum molestias laborum? Illo, deserunt. Reprehenderit officia, ullam voluptatem enim quia vero sit voluptatibus? Tempora, assumenda. Tempora animi voluptatibus facere aperiam ratione cumque, aut libero est, ullam dolore nemo architecto cum delectus in. Nemo laboriosam incidunt architecto. Assumenda culpa alias beatae vitae quod deleniti veniam earum voluptas distinctio quasi? Quibusdam dignissimos dolores iure deserunt sit velit laboriosam optio expedita explicabo, tempora obcaecati incidunt ad magnam aperiam veniam, veritatis modi quae, pariatur voluptatibus alias accusantium quod. Iusto quos, accusantium magnam voluptatem corrupti voluptatum odio officiis ea quidem praesentium, aspernatur eum, quae necessitatibus aperiam sint quasi hic debitis exercitationem beatae? Illo, adipisci. Cumque a atque quaerat unde, totam sit dignissimos? Sequi perspiciatis atque maiores in temporibus nulla, ex ab blanditiis dolorum esse harum nisi adipisci eum soluta. Ipsam alias quibusdam est, inventore obcaecati necessitatibus ab eaque cum perferendis quo esse quis deleniti laudantium quasi, culpa magnam ad blanditiis quidem in officiis repudiandae nulla dolorem optio eveniet. A explicabo ab laborum error corporis soluta expedita cum repudiandae architecto deleniti iusto iste, voluptas delectus praesentium laboriosam eum hic inventore id perspiciatis dolore nisi fugiat blanditiis nostrum autem! Totam, laboriosam. Fugiat eaque aliquid aut voluptatem nostrum nihil consequatur sed quidem beatae praesentium at quae facere dolorem, minima laudantium omnis velit accusantium maiores, iusto ratione sint aperiam iure fuga culpa. Deserunt ratione, impedit dignissimos quidem ab rerum. Temporibus, dolor! Voluptatum incidunt tenetur dolores, illo explicabo debitis neque quam fugiat corporis nobis odit. Eos atque porro possimus accusamus iusto esse aut magnam tempora suscipit, in magni nostrum? Totam est delectus magni nihil, itaque nam perferendis, minima dolore porro, necessitatibus autem rerum nostrum accusamus quas quae laborum laudantium quo nemo quia ab. Perferendis iure sequi, nihil, aut atque consequatur quos dicta cum mollitia molestiae quia sunt repudiandae nisi odio dignissimos fugiat exercitationem illum ducimus consequuntur assumenda ipsa! Illum harum error, facere dolore quibusdam nam quod recusandae similique. Dolore, blanditiis perferendis rerum omnis voluptate repudiandae. Minima saepe error a qui repellat minus mollitia voluptates voluptatum pariatur necessitatibus debitis obcaecati dolor doloribus iusto, eum id commodi? Nihil voluptatum iusto, fugiat ipsa dolore doloremque laudantium aspernatur ipsam vero alias reiciendis, nemo nam molestiae sapiente odio! Quam nostrum maiores qui eos aspernatur ab quo eveniet at necessitatibus est vel non molestias, ea debitis delectus beatae. Natus adipisci sapiente illo placeat magnam doloribus porro ut repellendus vel animi eos consectetur impedit quis ab, autem dolore dicta velit quam labore fugit officiis nesciunt quod aspernatur? Odit eos ipsa nesciunt et ab. Cum veniam nulla non qui? At recusandae perspiciatis dignissimos obcaecati doloremque non, cupiditate in nostrum ducimus reprehenderit ex quaerat facilis earum debitis nobis velit facere voluptas ab voluptate. Totam delectus tempora rem? Ipsa quaerat facere dolorem voluptatibus, alias expedita maxime unde officia, debitis quod officiis? Impedit omnis beatae amet dignissimos ullam et dolor, eligendi, accusamus ipsum sint sed aut, aperiam assumenda? Esse pariatur obcaecati corporis! Possimus ullam, quasi, repellendus iusto natus perspiciatis illum molestias quis est dolore molestiae sed corporis ipsa similique voluptas amet fuga. Aliquid nesciunt distinctio optio ab dolorem totam dolor, accusantium praesentium temporibus beatae, non impedit. Architecto libero, deserunt quis pariatur laudantium tempora cum obcaecati illum debitis id inventore laboriosam, sed sit dolorum suscipit nihil? Ratione, molestiae quas in et similique assumenda quasi ad quia eum distinctio odio nesciunt totam quod, officiis blanditiis iusto molestias provident. Architecto incidunt necessitatibus illo laudantium veniam impedit, laborum odio quidem repellat magnam! Tempora eum deleniti ducimus quia sed debitis repellat repellendus molestiae omnis dolores dicta delectus illo, quaerat consectetur corrupti fuga quod sequi nesciunt exercitationem dolor velit accusamus! Qui cum corporis corrupti ad modi doloremque quidem veritatis repellat unde dolorum architecto expedita labore eum iste, animi totam necessitatibus libero aliquid aut accusamus. Officia, maiores? Corporis ex sapiente eaque quo eius reprehenderit tenetur vero ullam! Hic, quis harum alias totam dolor praesentium eligendi cumque animi ratione voluptatibus repellendus. Aliquam nam totam architecto, placeat animi quos obcaecati fugiat sint impedit! Cum dolorum similique veritatis, atque eligendi ea quos, accusantium iste sint animi consectetur reprehenderit minus assumenda blanditiis, tenetur odit obcaecati ipsam nostrum doloribus. Ipsum facere ratione ab libero suscipit culpa tenetur nisi nulla! Voluptatem dicta cupiditate aliquid fugiat corrupti laboriosam unde praesentium. Ullam commodi autem itaque consectetur dolorum labore sed, rerum saepe fugit sequi aperiam a distinctio nisi, dolore at qui dicta! Necessitatibus atque quae, deserunt ab dolorem adipisci vel repudiandae nihil, eum quibusdam deleniti nobis error quod ipsam. Veritatis eum id sunt blanditiis delectus consectetur eos asperiores excepturi officia dolores, laudantium repellat nulla odio velit totam fuga eaque animi dignissimos? Optio aperiam reiciendis iure sequi ipsa ab maiores necessitatibus? Rem itaque iure illum sed ducimus, iste perspiciatis totam saepe quo doloremque, amet modi. Nulla, quidem corrupti a hic placeat quos, nesciunt velit, eligendi veniam repellat corporis. Asperiores obcaecati, quasi maxime minus sequi perferendis quibusdam omnis quisquam non, repellendus expedita reprehenderit nam dolore, ad laudantium veniam molestias saepe iure eius impedit. Veritatis hic a qui eos temporibus ab illo id, quam impedit quae nemo voluptatibus aliquid amet laudantium sunt, iure doloremque rerum in exercitationem sit modi aspernatur deserunt quasi? Officiis aliquam consequuntur sunt, vitae molestias culpa tenetur iure similique voluptatum veritatis atque consequatur ipsum minima eveniet voluptatem quia! Quod aliquam possimus natus quas eaque quisquam, tempora aperiam, sit doloremque iusto recusandae praesentium cum ipsam dolore repellendus cumque earum voluptas! Placeat, nihil? Exercitationem cum natus repellendus, possimus ullam eos nemo culpa et, enim sit expedita repudiandae esse distinctio explicabo velit dolores delectus sed nisi ut ipsam facilis temporibus reiciendis ducimus. Accusamus corrupti similique dolor quas facere qui quasi dolore dignissimos assumenda expedita iste, reprehenderit totam libero doloribus laudantium voluptate. Eum non eos magnam perferendis? Repellat ullam quam officia, non nostrum, tempora, repudiandae quos sint similique dolores molestias tempore mollitia temporibus iure provident? Maxime itaque quia eligendi, fugit quisquam eaque possimus ab odio et delectus error sequi facere quam unde at voluptatem, sed cupiditate ipsa esse voluptates. Incidunt maiores, laudantium soluta dolor laboriosam, nostrum quod dignissimos provident perferendis ipsa quae commodi quos minima nulla placeat officiis possimus praesentium optio suscipit hic. Quis nulla ducimus facere possimus nobis recusandae accusantium maxime mollitia nemo in, ut ratione perferendis? Cupiditate mollitia incidunt ex quaerat vitae temporibus esse nisi maiores illum maxime! In qui perspiciatis quos nihil quod sunt itaque, aspernatur assumenda suscipit necessitatibus dolores, voluptatem repellat aut molestiae perferendis, possimus asperiores quibusdam eveniet eos. Eaque nesciunt culpa blanditiis error dolor obcaecati molestiae officiis ipsa labore, illo harum quidem suscipit ea et aliquid aliquam doloribus sed. Minus consectetur error sint at quibusdam, eaque sequi natus aperiam officiis, aliquid architecto omnis id voluptatum debitis deserunt expedita sed velit, quod enim asperiores totam. Aliquam porro dolores sint fugit dolorum, explicabo doloremque veniam? Quos tempora accusamus alias quisquam, rem repellat exercitationem? Eaque, quos ipsum iste mollitia in, neque quis ullam veniam alias dolorum hic? Nulla, expedita ut. Corrupti dolores suscipit voluptatum sapiente aut totam rem omnis earum. Consequuntur aut tempora officiis vero sequi saepe laborum, dolorem, voluptatibus in totam suscipit debitis error, fuga architecto? Autem iusto et, ad inventore ratione provident placeat molestias quidem nisi voluptate deleniti libero? Repellat dolor, reprehenderit nemo, obcaecati fugit inventore quis quia dolorum sint qui assumenda suscipit vel voluptatibus corrupti beatae vitae! Ipsum delectus voluptatibus est aliquam, error natus a incidunt et, quas enim perspiciatis aperiam distinctio doloribus minima ullam atque doloremque earum vitae ratione numquam consequuntur tenetur reiciendis saepe! Libero dolorum quidem necessitatibus sed, iusto molestias culpa consectetur minima inventore et fuga debitis sequi dicta voluptate delectus dignissimos nihil similique, consequuntur laudantium aspernatur. Laudantium corrupti, deserunt dolor repudiandae eos quos obcaecati unde optio expedita eligendi cumque dolorem vero aperiam ipsa neque laboriosam accusantium doloremque omnis esse. Natus illo harum explicabo ipsum ab nihil facilis, laborum perferendis cum corrupti quis vero, molestiae optio at non nam reprehenderit voluptatum minus quia doloribus inventore fugit odit! Neque temporibus nemo aliquid cupiditate totam hic repellat maiores officiis debitis explicabo ex sit laudantium, quasi officia beatae quas qui pariatur libero adipisci corrupti dolorum quo eum tempora? Incidunt, mollitia? Voluptatibus aliquam harum quaerat totam, voluptatem beatae sit, corrupti delectus atque dignissimos iste voluptates et ullam! Ab magni dignissimos eos omnis rem laboriosam sunt numquam ratione laudantium, repudiandae quo asperiores cupiditate consectetur eaque consequatur iure quam perspiciatis ipsa deserunt culpa placeat itaque mollitia at libero. Nisi vero ducimus mollitia quas nulla doloremque debitis earum natus non, veritatis iusto quaerat eligendi expedita explicabo nemo voluptas unde facere? Impedit et eveniet delectus. Repudiandae veritatis expedita facere ut libero vero consectetur illo quam eum consequatur, minus saepe, tempore labore? Sed, assumenda voluptatibus, placeat qui magnam quos ipsam ad eum aspernatur minima eius illum natus, quas quia libero esse. Dicta eum ex impedit debitis ipsam culpa, alias provident odit consequuntur repellat amet fugiat placeat eveniet rem unde perferendis quae deleniti corporis enim doloribus. Magni, saepe, necessitatibus labore omnis pariatur enim doloribus et est quasi quaerat voluptatem similique. Corrupti impedit minima, necessitatibus deleniti numquam quis.', 'Adeyemi', 1, '2021-09-24 02:16:42'),
(7, './assets/img/img3.jpg', 'This is another heading for a new post', ' Ipsam eum at neque modi aliquam alias. Dolores eaque, inventore a ducimus, fuga dolorum autem nam impedit, consequuntur illum eligendi voluptatem velit consequatur optio reprehenderit id officiis totam! Impedit voluptas repudiandae non beatae at debitis voluptate cumque quam, dicta suscipit itaque consequatur perferendis animi deserunt vel sequi modi ad eaque ipsum libero corporis! Iste pariatur quos earum aliquid odit praesentium voluptas corrupti esse amet voluptatum, ducimus dolore nihil architecto est ut repudiandae cupiditate eligendi cum repellendus nobis porro libero alias. Reprehenderit voluptatibus corporis numquam in doloremque, ullam doloribus et? Error quidem quae doloremque distinctio a placeat tenetur officiis soluta veniam architecto asperiores fugit repellendus illum aspernatur eveniet eius perferendis quos magnam dignissimos facilis necessitatibus, impedit obcaecati! Minus ullam fugit necessitatibus quasi consectetur, assumenda vel natus, eveniet voluptas quo dolores exercitationem eius voluptate illo pariatur, mollitia aperiam deserunt ad officia ut! Sed ipsa sunt perferendis consequatur? Adipisci, quidem a. Itaque doloremque eveniet magni distinctio asperiores, perferendis repudiandae ad eligendi saepe soluta! Consequatur tempore exercitationem officia tenetur asperiores corporis minima, perferendis repellat dolores cum facere, dicta suscipit. Eum, ipsa soluta beatae aspernatur quibusdam doloribus temporibus corporis sequi laudantium, odit velit iusto vel delectus dolorum? Enim nam natus cumque unde voluptatem rem ullam, et, vero, nesciunt dolor saepe dolorem necessitatibus praesentium fugit itaque! Reiciendis quae saepe autem neque ratione voluptas quis architecto omnis sit eligendi aliquam blanditiis suscipit vero veniam facilis doloremque placeat optio, repudiandae error impedit. Qui, a porro ex nostrum blanditiis quas iure sit illum mollitia! Itaque ratione quod libero fuga? Sapiente rerum molestias laborum? Illo, deserunt. Reprehenderit officia, ullam voluptatem enim quia vero sit voluptatibus? Tempora, assumenda. Tempora animi voluptatibus facere aperiam ratione cumque, aut libero est, ullam dolore nemo architecto cum delectus in. Nemo laboriosam incidunt architecto. Assumenda culpa alias beatae vitae quod deleniti veniam earum voluptas distinctio quasi? Quibusdam dignissimos dolores iure deserunt sit velit laboriosam optio expedita explicabo, tempora obcaecati incidunt ad magnam aperiam veniam, veritatis modi quae, pariatur voluptatibus alias accusantium quod. Iusto quos, accusantium magnam voluptatem corrupti voluptatum odio officiis ea quidem praesentium, aspernatur eum, quae necessitatibus aperiam sint quasi hic debitis exercitationem beatae? Illo, adipisci. Cumque a atque quaerat unde, totam sit dignissimos? Sequi perspiciatis atque maiores in temporibus nulla, ex ab blanditiis dolorum esse harum nisi adipisci eum soluta. Ipsam alias quibusdam est, inventore obcaecati necessitatibus ab eaque cum perferendis quo esse quis deleniti laudantium quasi, culpa magnam ad blanditiis quidem in officiis repudiandae nulla dolorem optio eveniet. A explicabo ab laborum error corporis soluta expedita cum repudiandae architecto deleniti iusto iste, voluptas delectus praesentium laboriosam eum hic inventore id perspiciatis dolore nisi fugiat blanditiis nostrum autem! Totam, laboriosam. Fugiat eaque aliquid aut voluptatem nostrum nihil consequatur sed quidem beatae praesentium at quae facere dolorem, minima laudantium omnis velit accusantium maiores, iusto ratione sint aperiam iure fuga culpa. Deserunt ratione, impedit dignissimos quidem ab rerum. Temporibus, dolor! Voluptatum incidunt tenetur dolores, illo explicabo debitis neque quam fugiat corporis nobis odit. Eos atque porro possimus accusamus iusto esse aut magnam tempora suscipit, in magni nostrum? Totam est delectus magni nihil, itaque nam perferendis, minima dolore porro, necessitatibus autem rerum nostrum accusamus quas quae laborum laudantium quo nemo quia ab. Perferendis iure sequi, nihil, aut atque consequatur quos dicta cum mollitia molestiae quia sunt repudiandae nisi odio dignissimos fugiat exercitationem illum ducimus consequuntur assumenda ipsa! Illum harum error, facere dolore quibusdam nam quod recusandae similique. Dolore, blanditiis perferendis rerum omnis voluptate repudiandae. Minima saepe error a qui repellat minus mollitia voluptates voluptatum pariatur necessitatibus debitis obcaecati dolor doloribus iusto, eum id commodi? Nihil voluptatum iusto, fugiat ipsa dolore doloremque laudantium aspernatur ipsam vero alias reiciendis, nemo nam molestiae sapiente odio! Quam nostrum maiores qui eos aspernatur ab quo eveniet at necessitatibus est vel non molestias, ea debitis delectus beatae. Natus adipisci sapiente illo placeat magnam doloribus porro ut repellendus vel animi eos consectetur impedit quis ab, autem dolore dicta velit quam labore fugit officiis nesciunt quod aspernatur? Odit eos ipsa nesciunt et ab. Cum veniam nulla non qui? At recusandae perspiciatis dignissimos obcaecati doloremque non, cupiditate in nostrum ducimus reprehenderit ex quaerat facilis earum debitis nobis velit facere voluptas ab voluptate. Totam delectus tempora rem? Ipsa quaerat facere dolorem voluptatibus, alias expedita maxime unde officia, debitis quod officiis? Impedit omnis beatae amet dignissimos ullam et dolor, eligendi, accusamus ipsum sint sed aut, aperiam assumenda? Esse pariatur obcaecati corporis! Possimus ullam, quasi, repellendus iusto natus perspiciatis illum molestias quis est dolore molestiae sed corporis ipsa similique voluptas amet fuga. Aliquid nesciunt distinctio optio ab dolorem totam dolor, accusantium praesentium temporibus beatae, non impedit. Architecto libero, deserunt quis pariatur laudantium tempora cum obcaecati illum debitis id inventore laboriosam, sed sit dolorum suscipit nihil? Ratione, molestiae quas in et similique assumenda quasi ad quia eum distinctio odio nesciunt totam quod, officiis blanditiis iusto molestias provident. Architecto incidunt necessitatibus illo laudantium veniam impedit, laborum odio quidem repellat magnam! Tempora eum deleniti ducimus quia sed debitis repellat repellendus molestiae omnis dolores dicta delectus illo, quaerat consectetur corrupti fuga quod sequi nesciunt exercitationem dolor velit accusamus! Qui cum corporis corrupti ad modi doloremque quidem veritatis repellat unde dolorum architecto expedita labore eum iste, animi totam necessitatibus libero aliquid aut accusamus. Officia, maiores? Corporis ex sapiente eaque quo eius reprehenderit tenetur vero ullam! Hic, quis harum alias totam dolor praesentium eligendi cumque animi ratione voluptatibus repellendus. Aliquam nam totam architecto, placeat animi quos obcaecati fugiat sint impedit! Cum dolorum similique veritatis, atque eligendi ea quos, accusantium iste sint animi consectetur reprehenderit minus assumenda blanditiis, tenetur odit obcaecati ipsam nostrum doloribus. Ipsum facere ratione ab libero suscipit culpa tenetur nisi nulla! Voluptatem dicta cupiditate aliquid fugiat corrupti laboriosam unde praesentium. Ullam commodi autem itaque consectetur dolorum labore sed, rerum saepe fugit sequi aperiam a distinctio nisi, dolore at qui dicta! Necessitatibus atque quae, deserunt ab dolorem adipisci vel repudiandae nihil, eum quibusdam deleniti nobis error quod ipsam. Veritatis eum id sunt blanditiis delectus consectetur eos asperiores excepturi officia dolores, laudantium repellat nulla odio velit totam fuga eaque animi dignissimos? Optio aperiam reiciendis iure sequi ipsa ab maiores necessitatibus? Rem itaque iure illum sed ducimus, iste perspiciatis totam saepe quo doloremque, amet modi. Nulla, quidem corrupti a hic placeat quos, nesciunt velit, eligendi veniam repellat corporis. Asperiores obcaecati, quasi maxime minus sequi perferendis quibusdam omnis quisquam non, repellendus expedita reprehenderit nam dolore, ad laudantium veniam molestias saepe iure eius impedit. Veritatis hic a qui eos temporibus ab illo id, quam impedit quae nemo voluptatibus aliquid amet laudantium sunt, iure doloremque rerum in exercitationem sit modi aspernatur deserunt quasi? Officiis aliquam consequuntur sunt, vitae molestias culpa tenetur iure similique voluptatum veritatis atque consequatur ipsum minima eveniet voluptatem quia! Quod aliquam possimus natus quas eaque quisquam, tempora aperiam, sit doloremque iusto recusandae praesentium cum ipsam dolore repellendus cumque earum voluptas! Placeat, nihil? Exercitationem cum natus repellendus, possimus ullam eos nemo culpa et, enim sit expedita repudiandae esse distinctio explicabo velit dolores delectus sed nisi ut ipsam facilis temporibus reiciendis ducimus. Accusamus corrupti similique dolor quas facere qui quasi dolore dignissimos assumenda expedita iste, reprehenderit totam libero doloribus laudantium voluptate. Eum non eos magnam perferendis? Repellat ullam quam officia, non nostrum, tempora, repudiandae quos sint similique dolores molestias tempore mollitia temporibus iure provident? Maxime itaque quia eligendi, fugit quisquam eaque possimus ab odio et delectus error sequi facere quam unde at voluptatem, sed cupiditate ipsa esse voluptates. Incidunt maiores, laudantium soluta dolor laboriosam, nostrum quod dignissimos provident perferendis ipsa quae commodi quos minima nulla placeat officiis possimus praesentium optio suscipit hic. Quis nulla ducimus facere possimus nobis recusandae accusantium maxime mollitia nemo in, ut ratione perferendis? Cupiditate mollitia incidunt ex quaerat vitae temporibus esse nisi maiores illum maxime! In qui perspiciatis quos nihil quod sunt itaque, aspernatur assumenda suscipit necessitatibus dolores, voluptatem repellat aut molestiae perferendis, possimus asperiores quibusdam eveniet eos. Eaque nesciunt culpa blanditiis error dolor obcaecati molestiae officiis ipsa labore, illo harum quidem suscipit ea et aliquid aliquam doloribus sed. Minus consectetur error sint at quibusdam, eaque sequi natus aperiam officiis, aliquid architecto omnis id voluptatum debitis deserunt expedita sed velit, quod enim asperiores totam. Aliquam porro dolores sint fugit dolorum, explicabo doloremque veniam? Quos tempora accusamus alias quisquam, rem repellat exercitationem? Eaque, quos ipsum iste mollitia in, neque quis ullam veniam alias dolorum hic? Nulla, expedita ut. Corrupti dolores suscipit voluptatum sapiente aut totam rem omnis earum. Consequuntur aut tempora officiis vero sequi saepe laborum, dolorem, voluptatibus in totam suscipit debitis error, fuga architecto? Autem iusto et, ad inventore ratione provident placeat molestias quidem nisi voluptate deleniti libero? Repellat dolor, reprehenderit nemo, obcaecati fugit inventore quis quia dolorum sint qui assumenda suscipit vel voluptatibus corrupti beatae vitae! Ipsum delectus voluptatibus est aliquam, error natus a incidunt et, quas enim perspiciatis aperiam distinctio doloribus minima ullam atque doloremque earum vitae ratione numquam consequuntur tenetur reiciendis saepe! Libero dolorum quidem necessitatibus sed, iusto molestias culpa consectetur minima inventore et fuga debitis sequi dicta voluptate delectus dignissimos nihil similique, consequuntur laudantium aspernatur. Laudantium corrupti, deserunt dolor repudiandae eos quos obcaecati unde optio expedita eligendi cumque dolorem vero aperiam ipsa neque laboriosam accusantium doloremque omnis esse. Natus illo harum explicabo ipsum ab nihil facilis, laborum perferendis cum corrupti quis vero, molestiae optio at non nam reprehenderit voluptatum minus quia doloribus inventore fugit odit! Neque temporibus nemo aliquid cupiditate totam hic repellat maiores officiis debitis explicabo ex sit laudantium, quasi officia beatae quas qui pariatur libero adipisci corrupti dolorum quo eum tempora? Incidunt, mollitia? Voluptatibus aliquam harum quaerat totam, voluptatem beatae sit, corrupti delectus atque dignissimos iste voluptates et ullam! Ab magni dignissimos eos omnis rem laboriosam sunt numquam ratione laudantium, repudiandae quo asperiores cupiditate consectetur eaque consequatur iure quam perspiciatis ipsa deserunt culpa placeat itaque mollitia at libero. Nisi vero ducimus mollitia quas nulla doloremque debitis earum natus non, veritatis iusto quaerat eligendi expedita explicabo nemo voluptas unde facere? Impedit et eveniet delectus. Repudiandae veritatis expedita facere ut libero vero consectetur illo quam eum consequatur, minus saepe, tempore labore? Sed, assumenda voluptatibus, placeat qui magnam quos ipsam ad eum aspernatur minima eius illum natus, quas quia libero esse. Dicta eum ex impedit debitis ipsam culpa, alias provident odit consequuntur repellat amet fugiat placeat eveniet rem unde perferendis quae deleniti corporis enim doloribus. Magni, saepe, necessitatibus labore omnis pariatur enim doloribus et est quasi quaerat voluptatem similique. Corrupti impedit minima, necessitatibus deleniti numquam quis.', 'Adeyemi', 1, '2021-09-24 02:16:42');
INSERT INTO `posts` (`id`, `image`, `title`, `body`, `author`, `is_published`, `created_at`) VALUES
(8, './assets/img/img.jpg', 'This is a heading of a post that is there', ' Ipsam eum at neque modi aliquam alias. Dolores eaque, inventore a ducimus, fuga dolorum autem nam impedit, consequuntur illum eligendi voluptatem velit consequatur optio reprehenderit id officiis totam! Impedit voluptas repudiandae non beatae at debitis voluptate cumque quam, dicta suscipit itaque consequatur perferendis animi deserunt vel sequi modi ad eaque ipsum libero corporis! Iste pariatur quos earum aliquid odit praesentium voluptas corrupti esse amet voluptatum, ducimus dolore nihil architecto est ut repudiandae cupiditate eligendi cum repellendus nobis porro libero alias. Reprehenderit voluptatibus corporis numquam in doloremque, ullam doloribus et? Error quidem quae doloremque distinctio a placeat tenetur officiis soluta veniam architecto asperiores fugit repellendus illum aspernatur eveniet eius perferendis quos magnam dignissimos facilis necessitatibus, impedit obcaecati! Minus ullam fugit necessitatibus quasi consectetur, assumenda vel natus, eveniet voluptas quo dolores exercitationem eius voluptate illo pariatur, mollitia aperiam deserunt ad officia ut! Sed ipsa sunt perferendis consequatur? Adipisci, quidem a. Itaque doloremque eveniet magni distinctio asperiores, perferendis repudiandae ad eligendi saepe soluta! Consequatur tempore exercitationem officia tenetur asperiores corporis minima, perferendis repellat dolores cum facere, dicta suscipit. Eum, ipsa soluta beatae aspernatur quibusdam doloribus temporibus corporis sequi laudantium, odit velit iusto vel delectus dolorum? Enim nam natus cumque unde voluptatem rem ullam, et, vero, nesciunt dolor saepe dolorem necessitatibus praesentium fugit itaque! Reiciendis quae saepe autem neque ratione voluptas quis architecto omnis sit eligendi aliquam blanditiis suscipit vero veniam facilis doloremque placeat optio, repudiandae error impedit. Qui, a porro ex nostrum blanditiis quas iure sit illum mollitia! Itaque ratione quod libero fuga? Sapiente rerum molestias laborum? Illo, deserunt. Reprehenderit officia, ullam voluptatem enim quia vero sit voluptatibus? Tempora, assumenda. Tempora animi voluptatibus facere aperiam ratione cumque, aut libero est, ullam dolore nemo architecto cum delectus in. Nemo laboriosam incidunt architecto. Assumenda culpa alias beatae vitae quod deleniti veniam earum voluptas distinctio quasi? Quibusdam dignissimos dolores iure deserunt sit velit laboriosam optio expedita explicabo, tempora obcaecati incidunt ad magnam aperiam veniam, veritatis modi quae, pariatur voluptatibus alias accusantium quod. Iusto quos, accusantium magnam voluptatem corrupti voluptatum odio officiis ea quidem praesentium, aspernatur eum, quae necessitatibus aperiam sint quasi hic debitis exercitationem beatae? Illo, adipisci. Cumque a atque quaerat unde, totam sit dignissimos? Sequi perspiciatis atque maiores in temporibus nulla, ex ab blanditiis dolorum esse harum nisi adipisci eum soluta. Ipsam alias quibusdam est, inventore obcaecati necessitatibus ab eaque cum perferendis quo esse quis deleniti laudantium quasi, culpa magnam ad blanditiis quidem in officiis repudiandae nulla dolorem optio eveniet. A explicabo ab laborum error corporis soluta expedita cum repudiandae architecto deleniti iusto iste, voluptas delectus praesentium laboriosam eum hic inventore id perspiciatis dolore nisi fugiat blanditiis nostrum autem! Totam, laboriosam. Fugiat eaque aliquid aut voluptatem nostrum nihil consequatur sed quidem beatae praesentium at quae facere dolorem, minima laudantium omnis velit accusantium maiores, iusto ratione sint aperiam iure fuga culpa. Deserunt ratione, impedit dignissimos quidem ab rerum. Temporibus, dolor! Voluptatum incidunt tenetur dolores, illo explicabo debitis neque quam fugiat corporis nobis odit. Eos atque porro possimus accusamus iusto esse aut magnam tempora suscipit, in magni nostrum? Totam est delectus magni nihil, itaque nam perferendis, minima dolore porro, necessitatibus autem rerum nostrum accusamus quas quae laborum laudantium quo nemo quia ab. Perferendis iure sequi, nihil, aut atque consequatur quos dicta cum mollitia molestiae quia sunt repudiandae nisi odio dignissimos fugiat exercitationem illum ducimus consequuntur assumenda ipsa! Illum harum error, facere dolore quibusdam nam quod recusandae similique. Dolore, blanditiis perferendis rerum omnis voluptate repudiandae. Minima saepe error a qui repellat minus mollitia voluptates voluptatum pariatur necessitatibus debitis obcaecati dolor doloribus iusto, eum id commodi? Nihil voluptatum iusto, fugiat ipsa dolore doloremque laudantium aspernatur ipsam vero alias reiciendis, nemo nam molestiae sapiente odio! Quam nostrum maiores qui eos aspernatur ab quo eveniet at necessitatibus est vel non molestias, ea debitis delectus beatae. Natus adipisci sapiente illo placeat magnam doloribus porro ut repellendus vel animi eos consectetur impedit quis ab, autem dolore dicta velit quam labore fugit officiis nesciunt quod aspernatur? Odit eos ipsa nesciunt et ab. Cum veniam nulla non qui? At recusandae perspiciatis dignissimos obcaecati doloremque non, cupiditate in nostrum ducimus reprehenderit ex quaerat facilis earum debitis nobis velit facere voluptas ab voluptate. Totam delectus tempora rem? Ipsa quaerat facere dolorem voluptatibus, alias expedita maxime unde officia, debitis quod officiis? Impedit omnis beatae amet dignissimos ullam et dolor, eligendi, accusamus ipsum sint sed aut, aperiam assumenda? Esse pariatur obcaecati corporis! Possimus ullam, quasi, repellendus iusto natus perspiciatis illum molestias quis est dolore molestiae sed corporis ipsa similique voluptas amet fuga. Aliquid nesciunt distinctio optio ab dolorem totam dolor, accusantium praesentium temporibus beatae, non impedit. Architecto libero, deserunt quis pariatur laudantium tempora cum obcaecati illum debitis id inventore laboriosam, sed sit dolorum suscipit nihil? Ratione, molestiae quas in et similique assumenda quasi ad quia eum distinctio odio nesciunt totam quod, officiis blanditiis iusto molestias provident. Architecto incidunt necessitatibus illo laudantium veniam impedit, laborum odio quidem repellat magnam! Tempora eum deleniti ducimus quia sed debitis repellat repellendus molestiae omnis dolores dicta delectus illo, quaerat consectetur corrupti fuga quod sequi nesciunt exercitationem dolor velit accusamus! Qui cum corporis corrupti ad modi doloremque quidem veritatis repellat unde dolorum architecto expedita labore eum iste, animi totam necessitatibus libero aliquid aut accusamus. Officia, maiores? Corporis ex sapiente eaque quo eius reprehenderit tenetur vero ullam! Hic, quis harum alias totam dolor praesentium eligendi cumque animi ratione voluptatibus repellendus. Aliquam nam totam architecto, placeat animi quos obcaecati fugiat sint impedit! Cum dolorum similique veritatis, atque eligendi ea quos, accusantium iste sint animi consectetur reprehenderit minus assumenda blanditiis, tenetur odit obcaecati ipsam nostrum doloribus. Ipsum facere ratione ab libero suscipit culpa tenetur nisi nulla! Voluptatem dicta cupiditate aliquid fugiat corrupti laboriosam unde praesentium. Ullam commodi autem itaque consectetur dolorum labore sed, rerum saepe fugit sequi aperiam a distinctio nisi, dolore at qui dicta! Necessitatibus atque quae, deserunt ab dolorem adipisci vel repudiandae nihil, eum quibusdam deleniti nobis error quod ipsam. Veritatis eum id sunt blanditiis delectus consectetur eos asperiores excepturi officia dolores, laudantium repellat nulla odio velit totam fuga eaque animi dignissimos? Optio aperiam reiciendis iure sequi ipsa ab maiores necessitatibus? Rem itaque iure illum sed ducimus, iste perspiciatis totam saepe quo doloremque, amet modi. Nulla, quidem corrupti a hic placeat quos, nesciunt velit, eligendi veniam repellat corporis. Asperiores obcaecati, quasi maxime minus sequi perferendis quibusdam omnis quisquam non, repellendus expedita reprehenderit nam dolore, ad laudantium veniam molestias saepe iure eius impedit. Veritatis hic a qui eos temporibus ab illo id, quam impedit quae nemo voluptatibus aliquid amet laudantium sunt, iure doloremque rerum in exercitationem sit modi aspernatur deserunt quasi? Officiis aliquam consequuntur sunt, vitae molestias culpa tenetur iure similique voluptatum veritatis atque consequatur ipsum minima eveniet voluptatem quia! Quod aliquam possimus natus quas eaque quisquam, tempora aperiam, sit doloremque iusto recusandae praesentium cum ipsam dolore repellendus cumque earum voluptas! Placeat, nihil? Exercitationem cum natus repellendus, possimus ullam eos nemo culpa et, enim sit expedita repudiandae esse distinctio explicabo velit dolores delectus sed nisi ut ipsam facilis temporibus reiciendis ducimus. Accusamus corrupti similique dolor quas facere qui quasi dolore dignissimos assumenda expedita iste, reprehenderit totam libero doloribus laudantium voluptate. Eum non eos magnam perferendis? Repellat ullam quam officia, non nostrum, tempora, repudiandae quos sint similique dolores molestias tempore mollitia temporibus iure provident? Maxime itaque quia eligendi, fugit quisquam eaque possimus ab odio et delectus error sequi facere quam unde at voluptatem, sed cupiditate ipsa esse voluptates. Incidunt maiores, laudantium soluta dolor laboriosam, nostrum quod dignissimos provident perferendis ipsa quae commodi quos minima nulla placeat officiis possimus praesentium optio suscipit hic. Quis nulla ducimus facere possimus nobis recusandae accusantium maxime mollitia nemo in, ut ratione perferendis? Cupiditate mollitia incidunt ex quaerat vitae temporibus esse nisi maiores illum maxime! In qui perspiciatis quos nihil quod sunt itaque, aspernatur assumenda suscipit necessitatibus dolores, voluptatem repellat aut molestiae perferendis, possimus asperiores quibusdam eveniet eos. Eaque nesciunt culpa blanditiis error dolor obcaecati molestiae officiis ipsa labore, illo harum quidem suscipit ea et aliquid aliquam doloribus sed. Minus consectetur error sint at quibusdam, eaque sequi natus aperiam officiis, aliquid architecto omnis id voluptatum debitis deserunt expedita sed velit, quod enim asperiores totam. Aliquam porro dolores sint fugit dolorum, explicabo doloremque veniam? Quos tempora accusamus alias quisquam, rem repellat exercitationem? Eaque, quos ipsum iste mollitia in, neque quis ullam veniam alias dolorum hic? Nulla, expedita ut. Corrupti dolores suscipit voluptatum sapiente aut totam rem omnis earum. Consequuntur aut tempora officiis vero sequi saepe laborum, dolorem, voluptatibus in totam suscipit debitis error, fuga architecto? Autem iusto et, ad inventore ratione provident placeat molestias quidem nisi voluptate deleniti libero? Repellat dolor, reprehenderit nemo, obcaecati fugit inventore quis quia dolorum sint qui assumenda suscipit vel voluptatibus corrupti beatae vitae! Ipsum delectus voluptatibus est aliquam, error natus a incidunt et, quas enim perspiciatis aperiam distinctio doloribus minima ullam atque doloremque earum vitae ratione numquam consequuntur tenetur reiciendis saepe! Libero dolorum quidem necessitatibus sed, iusto molestias culpa consectetur minima inventore et fuga debitis sequi dicta voluptate delectus dignissimos nihil similique, consequuntur laudantium aspernatur. Laudantium corrupti, deserunt dolor repudiandae eos quos obcaecati unde optio expedita eligendi cumque dolorem vero aperiam ipsa neque laboriosam accusantium doloremque omnis esse. Natus illo harum explicabo ipsum ab nihil facilis, laborum perferendis cum corrupti quis vero, molestiae optio at non nam reprehenderit voluptatum minus quia doloribus inventore fugit odit! Neque temporibus nemo aliquid cupiditate totam hic repellat maiores officiis debitis explicabo ex sit laudantium, quasi officia beatae quas qui pariatur libero adipisci corrupti dolorum quo eum tempora? Incidunt, mollitia? Voluptatibus aliquam harum quaerat totam, voluptatem beatae sit, corrupti delectus atque dignissimos iste voluptates et ullam! Ab magni dignissimos eos omnis rem laboriosam sunt numquam ratione laudantium, repudiandae quo asperiores cupiditate consectetur eaque consequatur iure quam perspiciatis ipsa deserunt culpa placeat itaque mollitia at libero. Nisi vero ducimus mollitia quas nulla doloremque debitis earum natus non, veritatis iusto quaerat eligendi expedita explicabo nemo voluptas unde facere? Impedit et eveniet delectus. Repudiandae veritatis expedita facere ut libero vero consectetur illo quam eum consequatur, minus saepe, tempore labore? Sed, assumenda voluptatibus, placeat qui magnam quos ipsam ad eum aspernatur minima eius illum natus, quas quia libero esse. Dicta eum ex impedit debitis ipsam culpa, alias provident odit consequuntur repellat amet fugiat placeat eveniet rem unde perferendis quae deleniti corporis enim doloribus. Magni, saepe, necessitatibus labore omnis pariatur enim doloribus et est quasi quaerat voluptatem similique. Corrupti impedit minima, necessitatibus deleniti numquam quis.', 'Ib', 1, '2021-09-24 02:16:42'),
(9, './assets/img/img2.jpg', 'This is a very long post about him...', ' Ipsam eum at neque modi aliquam alias. Dolores eaque, inventore a ducimus, fuga dolorum autem nam impedit, consequuntur illum eligendi voluptatem velit consequatur optio reprehenderit id officiis totam! Impedit voluptas repudiandae non beatae at debitis voluptate cumque quam, dicta suscipit itaque consequatur perferendis animi deserunt vel sequi modi ad eaque ipsum libero corporis! Iste pariatur quos earum aliquid odit praesentium voluptas corrupti esse amet voluptatum, ducimus dolore nihil architecto est ut repudiandae cupiditate eligendi cum repellendus nobis porro libero alias. Reprehenderit voluptatibus corporis numquam in doloremque, ullam doloribus et? Error quidem quae doloremque distinctio a placeat tenetur officiis soluta veniam architecto asperiores fugit repellendus illum aspernatur eveniet eius perferendis quos magnam dignissimos facilis necessitatibus, impedit obcaecati! Minus ullam fugit necessitatibus quasi consectetur, assumenda vel natus, eveniet voluptas quo dolores exercitationem eius voluptate illo pariatur, mollitia aperiam deserunt ad officia ut! Sed ipsa sunt perferendis consequatur? Adipisci, quidem a. Itaque doloremque eveniet magni distinctio asperiores, perferendis repudiandae ad eligendi saepe soluta! Consequatur tempore exercitationem officia tenetur asperiores corporis minima, perferendis repellat dolores cum facere, dicta suscipit. Eum, ipsa soluta beatae aspernatur quibusdam doloribus temporibus corporis sequi laudantium, odit velit iusto vel delectus dolorum? Enim nam natus cumque unde voluptatem rem ullam, et, vero, nesciunt dolor saepe dolorem necessitatibus praesentium fugit itaque! Reiciendis quae saepe autem neque ratione voluptas quis architecto omnis sit eligendi aliquam blanditiis suscipit vero veniam facilis doloremque placeat optio, repudiandae error impedit. Qui, a porro ex nostrum blanditiis quas iure sit illum mollitia! Itaque ratione quod libero fuga? Sapiente rerum molestias laborum? Illo, deserunt. Reprehenderit officia, ullam voluptatem enim quia vero sit voluptatibus? Tempora, assumenda. Tempora animi voluptatibus facere aperiam ratione cumque, aut libero est, ullam dolore nemo architecto cum delectus in. Nemo laboriosam incidunt architecto. Assumenda culpa alias beatae vitae quod deleniti veniam earum voluptas distinctio quasi? Quibusdam dignissimos dolores iure deserunt sit velit laboriosam optio expedita explicabo, tempora obcaecati incidunt ad magnam aperiam veniam, veritatis modi quae, pariatur voluptatibus alias accusantium quod. Iusto quos, accusantium magnam voluptatem corrupti voluptatum odio officiis ea quidem praesentium, aspernatur eum, quae necessitatibus aperiam sint quasi hic debitis exercitationem beatae? Illo, adipisci. Cumque a atque quaerat unde, totam sit dignissimos? Sequi perspiciatis atque maiores in temporibus nulla, ex ab blanditiis dolorum esse harum nisi adipisci eum soluta. Ipsam alias quibusdam est, inventore obcaecati necessitatibus ab eaque cum perferendis quo esse quis deleniti laudantium quasi, culpa magnam ad blanditiis quidem in officiis repudiandae nulla dolorem optio eveniet. A explicabo ab laborum error corporis soluta expedita cum repudiandae architecto deleniti iusto iste, voluptas delectus praesentium laboriosam eum hic inventore id perspiciatis dolore nisi fugiat blanditiis nostrum autem! Totam, laboriosam. Fugiat eaque aliquid aut voluptatem nostrum nihil consequatur sed quidem beatae praesentium at quae facere dolorem, minima laudantium omnis velit accusantium maiores, iusto ratione sint aperiam iure fuga culpa. Deserunt ratione, impedit dignissimos quidem ab rerum. Temporibus, dolor! Voluptatum incidunt tenetur dolores, illo explicabo debitis neque quam fugiat corporis nobis odit. Eos atque porro possimus accusamus iusto esse aut magnam tempora suscipit, in magni nostrum? Totam est delectus magni nihil, itaque nam perferendis, minima dolore porro, necessitatibus autem rerum nostrum accusamus quas quae laborum laudantium quo nemo quia ab. Perferendis iure sequi, nihil, aut atque consequatur quos dicta cum mollitia molestiae quia sunt repudiandae nisi odio dignissimos fugiat exercitationem illum ducimus consequuntur assumenda ipsa! Illum harum error, facere dolore quibusdam nam quod recusandae similique. Dolore, blanditiis perferendis rerum omnis voluptate repudiandae. Minima saepe error a qui repellat minus mollitia voluptates voluptatum pariatur necessitatibus debitis obcaecati dolor doloribus iusto, eum id commodi? Nihil voluptatum iusto, fugiat ipsa dolore doloremque laudantium aspernatur ipsam vero alias reiciendis, nemo nam molestiae sapiente odio! Quam nostrum maiores qui eos aspernatur ab quo eveniet at necessitatibus est vel non molestias, ea debitis delectus beatae. Natus adipisci sapiente illo placeat magnam doloribus porro ut repellendus vel animi eos consectetur impedit quis ab, autem dolore dicta velit quam labore fugit officiis nesciunt quod aspernatur? Odit eos ipsa nesciunt et ab. Cum veniam nulla non qui? At recusandae perspiciatis dignissimos obcaecati doloremque non, cupiditate in nostrum ducimus reprehenderit ex quaerat facilis earum debitis nobis velit facere voluptas ab voluptate. Totam delectus tempora rem? Ipsa quaerat facere dolorem voluptatibus, alias expedita maxime unde officia, debitis quod officiis? Impedit omnis beatae amet dignissimos ullam et dolor, eligendi, accusamus ipsum sint sed aut, aperiam assumenda? Esse pariatur obcaecati corporis! Possimus ullam, quasi, repellendus iusto natus perspiciatis illum molestias quis est dolore molestiae sed corporis ipsa similique voluptas amet fuga. Aliquid nesciunt distinctio optio ab dolorem totam dolor, accusantium praesentium temporibus beatae, non impedit. Architecto libero, deserunt quis pariatur laudantium tempora cum obcaecati illum debitis id inventore laboriosam, sed sit dolorum suscipit nihil? Ratione, molestiae quas in et similique assumenda quasi ad quia eum distinctio odio nesciunt totam quod, officiis blanditiis iusto molestias provident. Architecto incidunt necessitatibus illo laudantium veniam impedit, laborum odio quidem repellat magnam! Tempora eum deleniti ducimus quia sed debitis repellat repellendus molestiae omnis dolores dicta delectus illo, quaerat consectetur corrupti fuga quod sequi nesciunt exercitationem dolor velit accusamus! Qui cum corporis corrupti ad modi doloremque quidem veritatis repellat unde dolorum architecto expedita labore eum iste, animi totam necessitatibus libero aliquid aut accusamus. Officia, maiores? Corporis ex sapiente eaque quo eius reprehenderit tenetur vero ullam! Hic, quis harum alias totam dolor praesentium eligendi cumque animi ratione voluptatibus repellendus. Aliquam nam totam architecto, placeat animi quos obcaecati fugiat sint impedit! Cum dolorum similique veritatis, atque eligendi ea quos, accusantium iste sint animi consectetur reprehenderit minus assumenda blanditiis, tenetur odit obcaecati ipsam nostrum doloribus. Ipsum facere ratione ab libero suscipit culpa tenetur nisi nulla! Voluptatem dicta cupiditate aliquid fugiat corrupti laboriosam unde praesentium. Ullam commodi autem itaque consectetur dolorum labore sed, rerum saepe fugit sequi aperiam a distinctio nisi, dolore at qui dicta! Necessitatibus atque quae, deserunt ab dolorem adipisci vel repudiandae nihil, eum quibusdam deleniti nobis error quod ipsam. Veritatis eum id sunt blanditiis delectus consectetur eos asperiores excepturi officia dolores, laudantium repellat nulla odio velit totam fuga eaque animi dignissimos? Optio aperiam reiciendis iure sequi ipsa ab maiores necessitatibus? Rem itaque iure illum sed ducimus, iste perspiciatis totam saepe quo doloremque, amet modi. Nulla, quidem corrupti a hic placeat quos, nesciunt velit, eligendi veniam repellat corporis. Asperiores obcaecati, quasi maxime minus sequi perferendis quibusdam omnis quisquam non, repellendus expedita reprehenderit nam dolore, ad laudantium veniam molestias saepe iure eius impedit. Veritatis hic a qui eos temporibus ab illo id, quam impedit quae nemo voluptatibus aliquid amet laudantium sunt, iure doloremque rerum in exercitationem sit modi aspernatur deserunt quasi? Officiis aliquam consequuntur sunt, vitae molestias culpa tenetur iure similique voluptatum veritatis atque consequatur ipsum minima eveniet voluptatem quia! Quod aliquam possimus natus quas eaque quisquam, tempora aperiam, sit doloremque iusto recusandae praesentium cum ipsam dolore repellendus cumque earum voluptas! Placeat, nihil? Exercitationem cum natus repellendus, possimus ullam eos nemo culpa et, enim sit expedita repudiandae esse distinctio explicabo velit dolores delectus sed nisi ut ipsam facilis temporibus reiciendis ducimus. Accusamus corrupti similique dolor quas facere qui quasi dolore dignissimos assumenda expedita iste, reprehenderit totam libero doloribus laudantium voluptate. Eum non eos magnam perferendis? Repellat ullam quam officia, non nostrum, tempora, repudiandae quos sint similique dolores molestias tempore mollitia temporibus iure provident? Maxime itaque quia eligendi, fugit quisquam eaque possimus ab odio et delectus error sequi facere quam unde at voluptatem, sed cupiditate ipsa esse voluptates. Incidunt maiores, laudantium soluta dolor laboriosam, nostrum quod dignissimos provident perferendis ipsa quae commodi quos minima nulla placeat officiis possimus praesentium optio suscipit hic. Quis nulla ducimus facere possimus nobis recusandae accusantium maxime mollitia nemo in, ut ratione perferendis? Cupiditate mollitia incidunt ex quaerat vitae temporibus esse nisi maiores illum maxime! In qui perspiciatis quos nihil quod sunt itaque, aspernatur assumenda suscipit necessitatibus dolores, voluptatem repellat aut molestiae perferendis, possimus asperiores quibusdam eveniet eos. Eaque nesciunt culpa blanditiis error dolor obcaecati molestiae officiis ipsa labore, illo harum quidem suscipit ea et aliquid aliquam doloribus sed. Minus consectetur error sint at quibusdam, eaque sequi natus aperiam officiis, aliquid architecto omnis id voluptatum debitis deserunt expedita sed velit, quod enim asperiores totam. Aliquam porro dolores sint fugit dolorum, explicabo doloremque veniam? Quos tempora accusamus alias quisquam, rem repellat exercitationem? Eaque, quos ipsum iste mollitia in, neque quis ullam veniam alias dolorum hic? Nulla, expedita ut. Corrupti dolores suscipit voluptatum sapiente aut totam rem omnis earum. Consequuntur aut tempora officiis vero sequi saepe laborum, dolorem, voluptatibus in totam suscipit debitis error, fuga architecto? Autem iusto et, ad inventore ratione provident placeat molestias quidem nisi voluptate deleniti libero? Repellat dolor, reprehenderit nemo, obcaecati fugit inventore quis quia dolorum sint qui assumenda suscipit vel voluptatibus corrupti beatae vitae! Ipsum delectus voluptatibus est aliquam, error natus a incidunt et, quas enim perspiciatis aperiam distinctio doloribus minima ullam atque doloremque earum vitae ratione numquam consequuntur tenetur reiciendis saepe! Libero dolorum quidem necessitatibus sed, iusto molestias culpa consectetur minima inventore et fuga debitis sequi dicta voluptate delectus dignissimos nihil similique, consequuntur laudantium aspernatur. Laudantium corrupti, deserunt dolor repudiandae eos quos obcaecati unde optio expedita eligendi cumque dolorem vero aperiam ipsa neque laboriosam accusantium doloremque omnis esse. Natus illo harum explicabo ipsum ab nihil facilis, laborum perferendis cum corrupti quis vero, molestiae optio at non nam reprehenderit voluptatum minus quia doloribus inventore fugit odit! Neque temporibus nemo aliquid cupiditate totam hic repellat maiores officiis debitis explicabo ex sit laudantium, quasi officia beatae quas qui pariatur libero adipisci corrupti dolorum quo eum tempora? Incidunt, mollitia? Voluptatibus aliquam harum quaerat totam, voluptatem beatae sit, corrupti delectus atque dignissimos iste voluptates et ullam! Ab magni dignissimos eos omnis rem laboriosam sunt numquam ratione laudantium, repudiandae quo asperiores cupiditate consectetur eaque consequatur iure quam perspiciatis ipsa deserunt culpa placeat itaque mollitia at libero. Nisi vero ducimus mollitia quas nulla doloremque debitis earum natus non, veritatis iusto quaerat eligendi expedita explicabo nemo voluptas unde facere? Impedit et eveniet delectus. Repudiandae veritatis expedita facere ut libero vero consectetur illo quam eum consequatur, minus saepe, tempore labore? Sed, assumenda voluptatibus, placeat qui magnam quos ipsam ad eum aspernatur minima eius illum natus, quas quia libero esse. Dicta eum ex impedit debitis ipsam culpa, alias provident odit consequuntur repellat amet fugiat placeat eveniet rem unde perferendis quae deleniti corporis enim doloribus. Magni, saepe, necessitatibus labore omnis pariatur enim doloribus et est quasi quaerat voluptatem similique. Corrupti impedit minima, necessitatibus deleniti numquam quis.', '', 1, '2021-09-24 02:16:42'),
(10, './assets/img/img2.jpg', 'This is just another post\'s heading', ' Ipsam eum at neque modi aliquam alias. Dolores eaque, inventore a ducimus, fuga dolorum autem nam impedit, consequuntur illum eligendi voluptatem velit consequatur optio reprehenderit id officiis totam! Impedit voluptas repudiandae non beatae at debitis voluptate cumque quam, dicta suscipit itaque consequatur perferendis animi deserunt vel sequi modi ad eaque ipsum libero corporis! Iste pariatur quos earum aliquid odit praesentium voluptas corrupti esse amet voluptatum, ducimus dolore nihil architecto est ut repudiandae cupiditate eligendi cum repellendus nobis porro libero alias. Reprehenderit voluptatibus corporis numquam in doloremque, ullam doloribus et? Error quidem quae doloremque distinctio a placeat tenetur officiis soluta veniam architecto asperiores fugit repellendus illum aspernatur eveniet eius perferendis quos magnam dignissimos facilis necessitatibus, impedit obcaecati! Minus ullam fugit necessitatibus quasi consectetur, assumenda vel natus, eveniet voluptas quo dolores exercitationem eius voluptate illo pariatur, mollitia aperiam deserunt ad officia ut! Sed ipsa sunt perferendis consequatur? Adipisci, quidem a. Itaque doloremque eveniet magni distinctio asperiores, perferendis repudiandae ad eligendi saepe soluta! Consequatur tempore exercitationem officia tenetur asperiores corporis minima, perferendis repellat dolores cum facere, dicta suscipit. Eum, ipsa soluta beatae aspernatur quibusdam doloribus temporibus corporis sequi laudantium, odit velit iusto vel delectus dolorum? Enim nam natus cumque unde voluptatem rem ullam, et, vero, nesciunt dolor saepe dolorem necessitatibus praesentium fugit itaque! Reiciendis quae saepe autem neque ratione voluptas quis architecto omnis sit eligendi aliquam blanditiis suscipit vero veniam facilis doloremque placeat optio, repudiandae error impedit. Qui, a porro ex nostrum blanditiis quas iure sit illum mollitia! Itaque ratione quod libero fuga? Sapiente rerum molestias laborum? Illo, deserunt. Reprehenderit officia, ullam voluptatem enim quia vero sit voluptatibus? Tempora, assumenda. Tempora animi voluptatibus facere aperiam ratione cumque, aut libero est, ullam dolore nemo architecto cum delectus in. Nemo laboriosam incidunt architecto. Assumenda culpa alias beatae vitae quod deleniti veniam earum voluptas distinctio quasi? Quibusdam dignissimos dolores iure deserunt sit velit laboriosam optio expedita explicabo, tempora obcaecati incidunt ad magnam aperiam veniam, veritatis modi quae, pariatur voluptatibus alias accusantium quod. Iusto quos, accusantium magnam voluptatem corrupti voluptatum odio officiis ea quidem praesentium, aspernatur eum, quae necessitatibus aperiam sint quasi hic debitis exercitationem beatae? Illo, adipisci. Cumque a atque quaerat unde, totam sit dignissimos? Sequi perspiciatis atque maiores in temporibus nulla, ex ab blanditiis dolorum esse harum nisi adipisci eum soluta. Ipsam alias quibusdam est, inventore obcaecati necessitatibus ab eaque cum perferendis quo esse quis deleniti laudantium quasi, culpa magnam ad blanditiis quidem in officiis repudiandae nulla dolorem optio eveniet. A explicabo ab laborum error corporis soluta expedita cum repudiandae architecto deleniti iusto iste, voluptas delectus praesentium laboriosam eum hic inventore id perspiciatis dolore nisi fugiat blanditiis nostrum autem! Totam, laboriosam. Fugiat eaque aliquid aut voluptatem nostrum nihil consequatur sed quidem beatae praesentium at quae facere dolorem, minima laudantium omnis velit accusantium maiores, iusto ratione sint aperiam iure fuga culpa. Deserunt ratione, impedit dignissimos quidem ab rerum. Temporibus, dolor! Voluptatum incidunt tenetur dolores, illo explicabo debitis neque quam fugiat corporis nobis odit. Eos atque porro possimus accusamus iusto esse aut magnam tempora suscipit, in magni nostrum? Totam est delectus magni nihil, itaque nam perferendis, minima dolore porro, necessitatibus autem rerum nostrum accusamus quas quae laborum laudantium quo nemo quia ab. Perferendis iure sequi, nihil, aut atque consequatur quos dicta cum mollitia molestiae quia sunt repudiandae nisi odio dignissimos fugiat exercitationem illum ducimus consequuntur assumenda ipsa! Illum harum error, facere dolore quibusdam nam quod recusandae similique. Dolore, blanditiis perferendis rerum omnis voluptate repudiandae. Minima saepe error a qui repellat minus mollitia voluptates voluptatum pariatur necessitatibus debitis obcaecati dolor doloribus iusto, eum id commodi? Nihil voluptatum iusto, fugiat ipsa dolore doloremque laudantium aspernatur ipsam vero alias reiciendis, nemo nam molestiae sapiente odio! Quam nostrum maiores qui eos aspernatur ab quo eveniet at necessitatibus est vel non molestias, ea debitis delectus beatae. Natus adipisci sapiente illo placeat magnam doloribus porro ut repellendus vel animi eos consectetur impedit quis ab, autem dolore dicta velit quam labore fugit officiis nesciunt quod aspernatur? Odit eos ipsa nesciunt et ab. Cum veniam nulla non qui? At recusandae perspiciatis dignissimos obcaecati doloremque non, cupiditate in nostrum ducimus reprehenderit ex quaerat facilis earum debitis nobis velit facere voluptas ab voluptate. Totam delectus tempora rem? Ipsa quaerat facere dolorem voluptatibus, alias expedita maxime unde officia, debitis quod officiis? Impedit omnis beatae amet dignissimos ullam et dolor, eligendi, accusamus ipsum sint sed aut, aperiam assumenda? Esse pariatur obcaecati corporis! Possimus ullam, quasi, repellendus iusto natus perspiciatis illum molestias quis est dolore molestiae sed corporis ipsa similique voluptas amet fuga. Aliquid nesciunt distinctio optio ab dolorem totam dolor, accusantium praesentium temporibus beatae, non impedit. Architecto libero, deserunt quis pariatur laudantium tempora cum obcaecati illum debitis id inventore laboriosam, sed sit dolorum suscipit nihil? Ratione, molestiae quas in et similique assumenda quasi ad quia eum distinctio odio nesciunt totam quod, officiis blanditiis iusto molestias provident. Architecto incidunt necessitatibus illo laudantium veniam impedit, laborum odio quidem repellat magnam! Tempora eum deleniti ducimus quia sed debitis repellat repellendus molestiae omnis dolores dicta delectus illo, quaerat consectetur corrupti fuga quod sequi nesciunt exercitationem dolor velit accusamus! Qui cum corporis corrupti ad modi doloremque quidem veritatis repellat unde dolorum architecto expedita labore eum iste, animi totam necessitatibus libero aliquid aut accusamus. Officia, maiores? Corporis ex sapiente eaque quo eius reprehenderit tenetur vero ullam! Hic, quis harum alias totam dolor praesentium eligendi cumque animi ratione voluptatibus repellendus. Aliquam nam totam architecto, placeat animi quos obcaecati fugiat sint impedit! Cum dolorum similique veritatis, atque eligendi ea quos, accusantium iste sint animi consectetur reprehenderit minus assumenda blanditiis, tenetur odit obcaecati ipsam nostrum doloribus. Ipsum facere ratione ab libero suscipit culpa tenetur nisi nulla! Voluptatem dicta cupiditate aliquid fugiat corrupti laboriosam unde praesentium. Ullam commodi autem itaque consectetur dolorum labore sed, rerum saepe fugit sequi aperiam a distinctio nisi, dolore at qui dicta! Necessitatibus atque quae, deserunt ab dolorem adipisci vel repudiandae nihil, eum quibusdam deleniti nobis error quod ipsam. Veritatis eum id sunt blanditiis delectus consectetur eos asperiores excepturi officia dolores, laudantium repellat nulla odio velit totam fuga eaque animi dignissimos? Optio aperiam reiciendis iure sequi ipsa ab maiores necessitatibus? Rem itaque iure illum sed ducimus, iste perspiciatis totam saepe quo doloremque, amet modi. Nulla, quidem corrupti a hic placeat quos, nesciunt velit, eligendi veniam repellat corporis. Asperiores obcaecati, quasi maxime minus sequi perferendis quibusdam omnis quisquam non, repellendus expedita reprehenderit nam dolore, ad laudantium veniam molestias saepe iure eius impedit. Veritatis hic a qui eos temporibus ab illo id, quam impedit quae nemo voluptatibus aliquid amet laudantium sunt, iure doloremque rerum in exercitationem sit modi aspernatur deserunt quasi? Officiis aliquam consequuntur sunt, vitae molestias culpa tenetur iure similique voluptatum veritatis atque consequatur ipsum minima eveniet voluptatem quia! Quod aliquam possimus natus quas eaque quisquam, tempora aperiam, sit doloremque iusto recusandae praesentium cum ipsam dolore repellendus cumque earum voluptas! Placeat, nihil? Exercitationem cum natus repellendus, possimus ullam eos nemo culpa et, enim sit expedita repudiandae esse distinctio explicabo velit dolores delectus sed nisi ut ipsam facilis temporibus reiciendis ducimus. Accusamus corrupti similique dolor quas facere qui quasi dolore dignissimos assumenda expedita iste, reprehenderit totam libero doloribus laudantium voluptate. Eum non eos magnam perferendis? Repellat ullam quam officia, non nostrum, tempora, repudiandae quos sint similique dolores molestias tempore mollitia temporibus iure provident? Maxime itaque quia eligendi, fugit quisquam eaque possimus ab odio et delectus error sequi facere quam unde at voluptatem, sed cupiditate ipsa esse voluptates. Incidunt maiores, laudantium soluta dolor laboriosam, nostrum quod dignissimos provident perferendis ipsa quae commodi quos minima nulla placeat officiis possimus praesentium optio suscipit hic. Quis nulla ducimus facere possimus nobis recusandae accusantium maxime mollitia nemo in, ut ratione perferendis? Cupiditate mollitia incidunt ex quaerat vitae temporibus esse nisi maiores illum maxime! In qui perspiciatis quos nihil quod sunt itaque, aspernatur assumenda suscipit necessitatibus dolores, voluptatem repellat aut molestiae perferendis, possimus asperiores quibusdam eveniet eos. Eaque nesciunt culpa blanditiis error dolor obcaecati molestiae officiis ipsa labore, illo harum quidem suscipit ea et aliquid aliquam doloribus sed. Minus consectetur error sint at quibusdam, eaque sequi natus aperiam officiis, aliquid architecto omnis id voluptatum debitis deserunt expedita sed velit, quod enim asperiores totam. Aliquam porro dolores sint fugit dolorum, explicabo doloremque veniam? Quos tempora accusamus alias quisquam, rem repellat exercitationem? Eaque, quos ipsum iste mollitia in, neque quis ullam veniam alias dolorum hic? Nulla, expedita ut. Corrupti dolores suscipit voluptatum sapiente aut totam rem omnis earum. Consequuntur aut tempora officiis vero sequi saepe laborum, dolorem, voluptatibus in totam suscipit debitis error, fuga architecto? Autem iusto et, ad inventore ratione provident placeat molestias quidem nisi voluptate deleniti libero? Repellat dolor, reprehenderit nemo, obcaecati fugit inventore quis quia dolorum sint qui assumenda suscipit vel voluptatibus corrupti beatae vitae! Ipsum delectus voluptatibus est aliquam, error natus a incidunt et, quas enim perspiciatis aperiam distinctio doloribus minima ullam atque doloremque earum vitae ratione numquam consequuntur tenetur reiciendis saepe! Libero dolorum quidem necessitatibus sed, iusto molestias culpa consectetur minima inventore et fuga debitis sequi dicta voluptate delectus dignissimos nihil similique, consequuntur laudantium aspernatur. Laudantium corrupti, deserunt dolor repudiandae eos quos obcaecati unde optio expedita eligendi cumque dolorem vero aperiam ipsa neque laboriosam accusantium doloremque omnis esse. Natus illo harum explicabo ipsum ab nihil facilis, laborum perferendis cum corrupti quis vero, molestiae optio at non nam reprehenderit voluptatum minus quia doloribus inventore fugit odit! Neque temporibus nemo aliquid cupiditate totam hic repellat maiores officiis debitis explicabo ex sit laudantium, quasi officia beatae quas qui pariatur libero adipisci corrupti dolorum quo eum tempora? Incidunt, mollitia? Voluptatibus aliquam harum quaerat totam, voluptatem beatae sit, corrupti delectus atque dignissimos iste voluptates et ullam! Ab magni dignissimos eos omnis rem laboriosam sunt numquam ratione laudantium, repudiandae quo asperiores cupiditate consectetur eaque consequatur iure quam perspiciatis ipsa deserunt culpa placeat itaque mollitia at libero. Nisi vero ducimus mollitia quas nulla doloremque debitis earum natus non, veritatis iusto quaerat eligendi expedita explicabo nemo voluptas unde facere? Impedit et eveniet delectus. Repudiandae veritatis expedita facere ut libero vero consectetur illo quam eum consequatur, minus saepe, tempore labore? Sed, assumenda voluptatibus, placeat qui magnam quos ipsam ad eum aspernatur minima eius illum natus, quas quia libero esse. Dicta eum ex impedit debitis ipsam culpa, alias provident odit consequuntur repellat amet fugiat placeat eveniet rem unde perferendis quae deleniti corporis enim doloribus. Magni, saepe, necessitatibus labore omnis pariatur enim doloribus et est quasi quaerat voluptatem similique. Corrupti impedit minima, necessitatibus deleniti numquam quis.', '', 1, '2021-09-24 02:16:42');

--
-- Indexes for dumped tables
--

--
-- Indexes for table `author`
--
ALTER TABLE `author`
  ADD PRIMARY KEY (`id`);

--
-- Indexes for table `category`
--
ALTER TABLE `category`
  ADD PRIMARY KEY (`id`);

--
-- Indexes for table `posts`
--
ALTER TABLE `posts`
  ADD PRIMARY KEY (`id`);

--
-- AUTO_INCREMENT for dumped tables
--

--
-- AUTO_INCREMENT for table `author`
--
ALTER TABLE `author`
  MODIFY `id` int(255) NOT NULL AUTO_INCREMENT;

--
-- AUTO_INCREMENT for table `category`
--
ALTER TABLE `category`
  MODIFY `id` int(11) NOT NULL AUTO_INCREMENT, AUTO_INCREMENT=5;

--
-- AUTO_INCREMENT for table `posts`
--
ALTER TABLE `posts`
  MODIFY `id` int(255) NOT NULL AUTO_INCREMENT, AUTO_INCREMENT=11;
COMMIT;

/*!40101 SET CHARACTER_SET_CLIENT=@OLD_CHARACTER_SET_CLIENT */;
/*!40101 SET CHARACTER_SET_RESULTS=@OLD_CHARACTER_SET_RESULTS */;
/*!40101 SET COLLATION_CONNECTION=@OLD_COLLATION_CONNECTION */;
